insert into automovel (id,modelo,preco) values
(1,"Chevrolet Onix",47950.00),
(2,"Ford Ka",33200.00),
(3,"Nissan Kicks",52780.00),
(4,"Peugeot 3008",58990.00),
(5,"Honda Fit",44120.00),
(6,"Citroën C3",35740.00),
(7,"Renault Sandero",38210.00),
(8,"Volkswagen Fox",34970.00),
(9,"Hyundai Tucson",56380.00),
(10,"Chevrolet Spin",50290.00),
(11,"Fiat Siena",31840.00),
(12,"Peugeot 208 Style",36990.00),
(13,"Fiat Mobi",31720.00),
(14,"Honda City",45550.00),
(15,"Volkswagen Polo",48760.00),
(16,"Toyota Etios",33790.00),
(17,"Fiat Doblo",55320.00),
(18,"Caoa Chery Arrizo 6",51700.00),
(19,"Renault Logan",34280.00),
(20,"Chevrolet Cruze",58910.00),
(21,"Hyundai HB20X",46230.00),
(22,"Mitsubishi ASX",56950.00),
(23,"Honda Accord",63900.00),
(24,"Volkswagen Amarok",58740.00),
(25,"Toyota Camry",64720.00),
(26,"Nissan Versa",39460.00),
(27,"Peugeot 408",41230.00),
(28,"Fiat Idea",32510.00),
(29,"Volkswagen Tiguan",57480.00),
(30,"Ford Ecosport",44690.00),
(31,"Renault Captur",52860.00),
(32,"Jeep Cherokee",59950.00),
(33,"Chevrolet Equinox",61240.00),
(34,"Nissan March",32970.00),
(35,"Hyundai Elantra",48790.00),
(36,"Fiat Palio",36120.00),
(37,"Honda CR-V",63880.00),
(38,"Toyota Prius",58270.00),
(39,"Caoa Chery Tiggo 7",55240.00),
(40,"Volkswagen Jetta",51360.00);

insert into cliente (id,nome) values
(1,"André Luiz Pereira"),
(2,"Beatriz Souza Lima"),
(3,"Carlos Henrique Martins"),
(4,"Daniela Castro Oliveira"),
(5,"Eduardo Santos Ferreira"),
(6,"Fernanda Lopes da Silva"),
(7,"Gabriel Almeida Costa"),
(8,"Helena Ribeiro Monteiro"),
(9,"Igor Mendes Rocha"),
(10,"Isabela Carvalho Duarte"),
(11,"João Pedro Nogueira"),
(12,"Juliana Moura Farias"),
(13,"Kauã Vitor Araújo"),
(14,"Larissa Mendes Santana"),
(15,"Lucas Gabriel Fontes"),
(16,"Luiza Barbosa Teixeira"),
(17,"Marcos Vinícius Duarte"),
(18,"Maria Clara Ramos"),
(19,"Matheus Oliveira Prado"),
(20,"Mirella Nunes de Assis"),
(21,"Nicolas Alves Pereira"),
(22,"Patrícia Souza Moreira"),
(23,"Pedro Henrique Martins"),
(24,"Rafaela Costa Meireles"),
(25,"Rafael Gonçalves Pinto"),
(26,"Renan Tavares de Lima"),
(27,"Sabrina Almeida Pires"),
(28,"Samuel Nogueira Silva"),
(29,"Tatiane Freitas Lopes"),
(30,"Victor Hugo Figueiredo");

insert into concessionaria (id,concessionaria) values
(1, "Apolo Concessionária"),
(2, "Zeus Motors"),
(3, "Afrodite Veículos"),
(4, "Hermes Autos"),
(5, "Poseidon Motors");

insert into alocacao (id,area,automovel,concessionaria,quantidade) values
(1,2,1,3,5),
(2,3,2,4,2),
(3,5,3,1,7),
(4,6,4,2,3),
(5,8,5,3,6),
(6,9,6,4,8),
(7,10,7,5,2),
(8,1,8,1,9),
(9,2,9,2,4),
(10,3,10,3,5),
(11,5,11,4,7),
(12,6,12,5,3),
(13,8,13,1,6),
(14,9,14,2,9),
(15,10,15,3,4),
(16,1,16,4,2),
(17,2,17,5,8),
(18,3,18,1,3),
(19,5,19,2,7),
(20,6,20,3,5),
(21,8,21,4,6),
(22,9,22,5,4),
(23,10,23,1,3),
(24,1,24,2,5),
(25,2,25,3,9),
(26,3,26,4,6),
(27,5,27,5,4),
(28,6,28,1,8),
(29,8,29,2,3),
(30,9,30,3,6),
(31,10,31,4,5),
(32,1,32,5,2),
(33,2,33,1,4),
(34,3,34,2,7),
(35,5,35,3,6),
(36,6,36,4,8),
(37,8,37,5,3),
(38,9,38,1,5),
(39,10,39,2,2),
(40,1,40,3,9);


select * from automovel;
select * from cliente;
select * from concessionaria;
select * from alocacao;
